{"type": "ASSET", "walls": [{"start": [-8.079545454545453, -6.431818181818182], "end": [-3.920454545454545, 8.340909090909092], "sigma": 1.0, "epsilon": 1.0, "spacing": 0.7}, {"start": [-4.21590909090909, 8.045454545454545], "end": [8.079545454545455, 7.500000000000002], "sigma": 1.0, "epsilon": 1.0, "spacing": 0.7}, {"start": [7.806818181818185, 7.8636363636363615], "end": [7.7613636363636385, -8.340909090909092], "sigma": 1.0, "epsilon": 1.0, "spacing": 0.7}, {"start": [7.988636363636365, -8.227272727272727], "end": [-8.079545454545453, -6.204545454545455], "sigma": 1.0, "epsilon": 1.0, "spacing": 0.7}]}