{"count": 135, "pos_x": [20.246326446533203, 20.557144165039062, 23.30027198791504, 21.410829544067383, 22.32170867919922, 22.34420394897461, 23.526254653930664, 24.88837242126465, 25.755706787109375, 25.440866470336914, 24.26421356201172, 24.31792449951172, 25.161399841308594, 26.71902084350586, 26.384313583374023, 26.541301727294922, 27.760465621948242, 28.976224899291992, 28.01655387878418, 29.560829162597656, 27.445510864257812, 27.288349151611328, 29.039390563964844, 28.483619689941406, 29.55086898803711, 28.457294464111328, 31.762643814086914, 31.6052303314209, 30.70795440673828, 30.557767868041992, 32.12232208251953, 32.90802001953125, 31.707853317260742, 30.05569076538086, 32.74009323120117, 31.056427001953125, 33.78298568725586, 34.02187728881836, 35.17263412475586, 34.74051284790039, 33.1070671081543, 35.74052047729492, 37.24385452270508, 37.830421447753906, 36.82652282714844, 11.739631652832031, 10.702903747558594, 9.644196510314941, 14.819303512573242, 14.327141761779785, 14.821657180786133, 12.805598258972168, 13.310441970825195, 12.242060661315918, 13.824308395385742, 17.84069061279297, 16.86900520324707, 16.36314582824707, 16.848716735839844, 15.834938049316406, 17.848501205444336, 15.858447074890137, 15.328323364257812, 17.341548919677734, 19.783708572387695, 18.839929580688477, 20.76947021484375, 19.796621322631836, 20.791950225830078, 19.31119728088379, 18.339759826660156, 18.821317672729492, 20.291099548339844, 23.786001205444336, 23.823884963989258, 21.767559051513672, 22.78561782836914, 22.770875930786133, 22.254413604736328, 21.26686668395996, 21.800256729125977, 23.29521942138672, 24.83230209350586, 25.826135635375977, 24.769041061401367, 25.323219299316406, 25.799938201904297, 24.32198143005371, 26.32550621032715, 26.8929500579834, 26.812400817871094, 29.632959365844727, 27.893571853637695, 28.990182876586914, 29.069902420043945, 28.41097640991211, 27.340877532958984, 27.859739303588867, 31.738914489746094, 32.258602142333984, 30.631948471069336, 30.13322639465332, 30.195430755615234, 31.253787994384766, 32.27457046508789, 31.122224807739258, 32.838218688964844, 33.279197692871094, 34.32252883911133, 35.34074401855469, 35.36806106567383, 34.35316467285156, 34.88530731201172, 33.36699295043945, 35.8456916809082, 33.819908142089844, 36.837886810302734, 37.88829803466797, 37.34967803955078, 38.914615631103516, 37.35271453857422, 38.36486053466797, 36.34218215942383, 36.318729400634766, 38.422035217285156, 39.41339111328125, 39.89634323120117, 40.39156723022461, 40.884185791015625, 41.41041564941406, 41.8952522277832, 43.4747314453125, 42.41572189331055, 42.95607376098633, 44.520111083984375], "pos_y": [47.422237396240234, 46.43454360961914, 47.67731857299805, 47.41250991821289, 47.64672088623047, 46.58580780029297, 46.7110481262207, 46.81233215332031, 46.164608001708984, 47.626800537109375, 46.09856414794922, 47.555484771728516, 45.35707092285156, 45.569454193115234, 47.723323822021484, 46.80389404296875, 45.4144287109375, 46.97481155395508, 46.912925720214844, 47.78255081176758, 47.66377639770508, 46.291542053222656, 45.20790481567383, 46.062774658203125, 46.1695671081543, 47.79400634765625, 47.677528381347656, 45.992332458496094, 47.68315505981445, 45.94548797607422, 46.82877731323242, 45.677059173583984, 45.001197814941406, 46.97119903564453, 47.63616180419922, 46.82217788696289, 47.605533599853516, 46.568077087402344, 46.50302505493164, 47.53099822998047, 46.76541519165039, 47.48658752441406, 46.63630676269531, 47.50223159790039, 47.54733657836914, 49.999813079833984, 49.99977111816406, 49.999908447265625, 48.307308197021484, 49.15811538696289, 49.9996223449707, 49.99974822998047, 49.13319778442383, 49.12856674194336, 49.999691009521484, 48.248382568359375, 49.9996337890625, 49.155029296875, 48.25025177001953, 48.26658248901367, 49.99969482421875, 49.999664306640625, 49.16853713989258, 49.150203704833984, 48.285186767578125, 49.999691009521484, 49.99949264526367, 49.99953079223633, 48.298099517822266, 49.140098571777344, 49.13435363769531, 48.26942825317383, 49.158775329589844, 49.985408782958984, 48.417457580566406, 48.393348693847656, 48.45329284667969, 49.999393463134766, 49.22096633911133, 49.19973373413086, 49.9992561340332, 49.21318435668945, 48.399253845214844, 48.4911003112793, 49.99915313720703, 49.23121643066406, 49.99945068359375, 49.22733688354492, 49.260257720947266, 48.471717834472656, 49.998878479003906, 49.240623474121094, 48.53428649902344, 48.56999969482422, 49.98167419433594, 49.299400329589844, 49.25922393798828, 49.99894332885742, 49.26871871948242, 49.999263763427734, 49.217079162597656, 49.99971008300781, 48.45435333251953, 48.48910140991211, 48.5026969909668, 49.99982833862305, 49.23381423950195, 48.41000747680664, 48.443050384521484, 48.38853073120117, 49.99943542480469, 49.97563552856445, 49.19457244873047, 49.99983215332031, 49.1916618347168, 49.20146560668945, 49.22022247314453, 49.187049865722656, 49.999473571777344, 49.162147521972656, 48.39496994018555, 48.366004943847656, 49.999351501464844, 48.38824462890625, 49.999908447265625, 49.99967956542969, 49.108036041259766, 49.99967575073242, 49.109779357910156, 49.99979019165039, 49.0943603515625, 49.99981689453125, 49.99982833862305, 49.1198844909668, 49.99992752075195],